INSERT INTO `category` (`id`, `name`) VALUES
(1, 'TV Shows'),
(2, 'Movies'),
(3, 'Originals');

INSERT INTO `movie` (`category_id`, `title`, `description`, `year`, `img`, `likes`, `link`) VALUES
(1, 'The Road Trip', 'Lorem Ipsum', 2016, 'https://github.com/carlosavilae/Netflix-Clone/blob/master/img/p1.PNG?raw=true', 0, 'https://www.youtube.com/embed/lz0klawS0sw'),
(1, 'Wynnonna Fear', 'Lorem ipsum', 2017, 'https://github.com/carlosavilae/Netflix-Clone/blob/master/img/p2.PNG?raw=true', 0, 'https://www.youtube.com/embed/lz0klawS0sw'),
(1, 'Club de Sherifs', 'lorem ipsum', 2018, 'https://github.com/carlosavilae/Netflix-Clone/blob/master/img/p3.PNG?raw=true', 0, 'https://www.youtube.com/embed/6hE4VJD4GPI\r\n'),
(1, 'Grey\'s Anatomy', 'lorem ipsum', 2008, 'https://github.com/carlosavilae/Netflix-Clone/blob/master/img/p4.PNG?raw=true', 0, 'https://www.youtube.com/embed/q1pcpgREQ5c'),
(2, 'Step Up 2 ', 'lorem ipsum', 2009, 'https://github.com/carlosavilae/Netflix-Clone/blob/master/img/p5.PNG?raw=true', 0, 'https://www.youtube.com/embed/lz0klawS0sw'),
(2, 'Liquid Science', 'lorem ipsum', 2019, 'https://github.com/carlosavilae/Netflix-Clone/blob/master/img/p6.PNG?raw=true', 0, 'https://www.youtube.com/embed/jMy_gFjZ3c8'),
(1, '13 Reasons Why', 'lorem ipsum', 2018, 'https://github.com/carlosavilae/Netflix-Clone/blob/master/img/p7.PNG?raw=true', 1, 'https://www.youtube.com/embed/QkT-HIMSrRk'),
(2, 'The Staircase', 'lorem ipsum', 2019, 'https://github.com/carlosavilae/Netflix-Clone/blob/master/img/p8.PNG?raw=true', 0, 'https://www.youtube.com/embed/lz0klawS0sw'),
(2, 'The Vietnam War', 'lorem ipsum', 2017, 'https://github.com/carlosavilae/Netflix-Clone/blob/master/img/p9.PNG?raw=true', 0, 'https://www.youtube.com/embed/lz0klawS0sw'),
(2, 'The Covnan', 'lorem ipsum', 2016, 'https://github.com/carlosavilae/Netflix-Clone/blob/master/img/p10.PNG?raw=true', 0, 'https://www.youtube.com/embed/lz0klawS0sw'),
(1, 'Marcella', 'lorem ipsum', 2018, 'https://github.com/carlosavilae/Netflix-Clone/blob/master/img/p11.PNG?raw=true', 0, 'https://www.youtube.com/embed/UIQns-OO5dw'),
(1, 'Riverdale', 'lorem ipsum', 2016, 'https://github.com/carlosavilae/Netflix-Clone/blob/master/img/p12.PNG?raw=true', 0, 'https://www.youtube.com/embed/HxtLlByaYTc'),
(2, 'Luxe Cage', 'lorem ipsum', 2018, 'https://github.com/carlosavilae/Netflix-Clone/blob/master/img/t1.PNG?raw=true', 0, 'https://www.youtube.com/embed/ORa4hPhGrpo'),
(1, 'The Ranch', 'lorem ipsum', 2017, 'https://github.com/carlosavilae/Netflix-Clone/blob/master/img/t2.PNG?raw=true', 0, 'https://www.youtube.com/embed/lz0klawS0sw'),
(3, 'Kissing Booth', 'lorem ipsum', 2019, 'https://github.com/carlosavilae/Netflix-Clone/blob/master/img/t5.PNG?raw=true', 0, 'https://www.youtube.com/embed/ah7zZoAujdc'),
(1, 'Night Shift', 'lorem ipsum', 2020, 'https://github.com/carlosavilae/Netflix-Clone/blob/master/img/t6.PNG?raw=true', 0, 'https://www.youtube.com/embed/2H0SfnB76GA'),
(1, 'Hawaii Five-O', 'lorem ipsum', 1999, 'https://github.com/carlosavilae/Netflix-Clone/blob/master/img/tv1.PNG?raw=true', 0, 'https://www.youtube.com/embed/xy30TGdaEAE'),
(3, 'Flash', 'lorem ipsum', 2019, 'https://github.com/carlosavilae/Netflix-Clone/blob/master/img/tv3.PNG?raw=true', 0, 'https://www.youtube.com/embed/Yj0l7iGKh8g'),
(1, 'Black Lighting', 'lorem ipsum', 2018, 'https://github.com/carlosavilae/Netflix-Clone/blob/master/img/tv4.PNG?raw=true', 0, 'https://www.youtube.com/embed/3LAUGA01mUc'),
(3, 'New Girl', 'lorem ipsum', 2016, 'https://github.com/carlosavilae/Netflix-Clone/blob/master/img/tv5.PNG?raw=true', 0, 'https://www.youtube.com/embed/h8Hfph2wXIY'),
(2, 'The Legends', 'lorem ipsum', 2015, 'https://github.com/carlosavilae/Netflix-Clone/blob/master/img/tv6.PNG?raw=true', 0, 'https://www.youtube.com/embed/lz0klawS0sw'),
(3, 'Agent Of Shield', 'lorem ipsum', 2014, 'https://github.com/carlosavilae/Netflix-Clone/blob/master/img/tv7.PNG?raw=true', 0, 'https://www.youtube.com/embed/T3T-evQZiQo'),
(2, 'Marlon', 'lorem ipsum', 2015, 'https://github.com/carlosavilae/Netflix-Clone/blob/master/img/tv8.PNG?raw=true', 0, 'https://www.youtube.com/embed/5c0XocOHE2k'),
(3, 'Cooking', 'lorem ipsum', 2016, 'https://github.com/carlosavilae/Netflix-Clone/blob/master/img/tv9.PNG?raw=true', 6, 'https://www.youtube.com/embed/epMAq5WYJk4'),
(3, 'Queer Eye', 'lorem ipsum', 2020, 'https://github.com/carlosavilae/Netflix-Clone/blob/master/img/tv10.PNG?raw=true', 25, 'https://www.youtube.com/embed/GZMrivD2A'),
(2, 'Shooter', 'lorem ipsum', 2017, 'https://github.com/carlosavilae/Netflix-Clone/blob/master/img/tv11.PNG?raw=true', 0, 'https://www.youtube.com/embed/A3lPVwYOdzA'),
(1, 'Jessica Jones', 'lorem ipsum', 2017, 'https://github.com/carlosavilae/Netflix-Clone/blob/master/img/tv12.PNG?raw=true', 0, 'https://www.youtube.com/embed/nWHUjuJ8zxE'),
(2, 'Wanted', 'lorem ipsum', 2015, 'https://github.com/carlosavilae/Netflix-Clone/blob/master/img/m1.PNG?raw=true', 0, 'https://www.youtube.com/embed/lz0klawS0sw'),
(2, 'The Bourne Ultimatum', 'lorem ipsum', 2013, 'https://github.com/carlosavilae/Netflix-Clone/blob/master/img/m2.PNG?raw=true', 1, 'https://www.youtube.com/embed/lz0klawS0sw'),
(2, 'Guardians Of The Galaxy', 'lorem ipsum', 2013, 'https://github.com/carlosavilae/Netflix-Clone/blob/master/img/m3.PNG?raw=true', 10, 'https://www.youtube.com/embed/ry19UYQoAro'),
(2, 'National Treasure', 'lorem ipsum', 2015, 'https://github.com/carlosavilae/Netflix-Clone/blob/master/img/m4.PNG?raw=true', 0, 'https://www.youtube.com/embed/mcf4tXYjaxo'),
(2, 'Bad Boys', 'lorem ipsum', 2010, 'https://github.com/carlosavilae/Netflix-Clone/blob/master/img/m5.PNG?raw=true', 0, 'https://www.youtube.com/embed/jKCj3XuPG8M\r\n'),
(3, 'Bright', 'lorem ipsum', 2016, 'https://github.com/carlosavilae/Netflix-Clone/blob/master/img/m6.PNG?raw=true', 0, 'https://www.youtube.com/embed/6EZCBSsBxko\r\n'),
(3, 'Brain On Fire', 'lorem ipsum', 2018, 'https://github.com/carlosavilae/Netflix-Clone/blob/master/img/o4.PNG?raw=true', 0, 'https://www.youtube.com/embed/VZn6G0M9wNs'),
(1, 'Arrested Development', 'lorem ipsum', 2019, 'https://github.com/carlosavilae/Netflix-Clone/blob/master/img/o6.PNG?raw=true', 0, 'https://www.youtube.com/embed/vzVhPCMAxWQ'),
(3, 'Stranger Things', 'lorem ipsum', 2017, 'https://cdn.static01.nicematin.com/media/npo/mobile_1440w/2020/04/raw.jpg', 8, 'https://www.youtube.com/embed/XcnHOQ-cHa0'),
(3, 'Killing Eve', 'lorem ipsum', 2018, 'https://lh3.googleusercontent.com/proxy/N5Mi4L8Z9q03wQN4dpHqYKM1_UUPG5tEyiIPS1XCNYN7ETxuq06dmj0hqCzJduaB_kHuAuewfaqDdfbfTJ-9w6-OmEcZzWkbHyfM7BnaSwYES3cT9tPbKqQmHylONnmG3RF27PP-ikjh5YOFBD_33K0v_pICQ-J0ysY5kjqwPA', 155, 'https://www.youtube.com/embed/Kk0PyD-XNZA'),
(3, 'Rick & Morty', 'lorem ipsum', 2017, 'https://assets.change.org/photos/6/or/bi/UeorbIYnzrPxsSP-800x450-noPad.jpg?1538805188', 7, 'https://www.youtube.com/embed/hl1U0bxTHbY');

INSERT INTO `user` (`email`, `roles`, `password`) VALUES
('admin@gmail.com', '[\"ROLE_ADMIN\"]', '$argon2id$v=19$m=65536,t=4,p=1$bJ7Keue/CygYmvBgpEZszg$HszoTyVtJnJ8w4IrXIwf6j4H0MWTfsiQFDDNrSpBXVw'),
('user@gmail.com', '[\"ROLE_USER\"]', '$argon2id$v=19$m=65536,t=4,p=1$4FLHiohm449NAv20NbO1fw$TJFd92m7wA+aeZ+Sj8jtrjdFIkHRzaySF4F/24j0dF0'),
('jenny@gmail.com', '[\"ROLE_USER\"]', '$argon2id$v=19$m=65536,t=4,p=1$uF1NHVJfb6nWzmxQRLB15w$NuztJw2OEiQF1h6yu8gZpuf7VG0HAc8tyRNzfXdgA7c'),
('test@gmail.com', '[\"ROLE_USER\"]', '$argon2id$v=19$m=65536,t=4,p=1$xf8PafdW31URkM2tICWmUw$PRoEjeoadKgiYQqaOvACoznHaeglC0wBgYsNZl5VmBs');

